seed,sequence,prediction
305475974,EFFAAE,1
305475974,FKFEFKFE,1
305475974,CEIEIQINMWQ,1
305475974,QQEFQWQFRQQ,1
305475974,CKAKAQANM,1
305475974,FTISD,1
305475974,AAVVLLLWEE,1
305475974,FFGAAGLDGD,1
305475974,SFSFSF,1
305475974,LLLLLLKK,1
305475974,VEVE,1
305475974,YVVFL,1
305475974,YVNAKQYYRILKRRY,1
305475974,FFPLGLAGKK,1
305475974,FFSGHFDFF,1
305475974,RADARADARADARADA,1
305475974,GGGGGGDD,1
305475974,GAIL,1
305475974,KAKAQA,0
305475974,KFKFQF,1
305475974,KYF,1
305475974,LIVAGD,1
305475974,LAVAGD,1
305475974,AIVAGD,1
305475974,LIVAGE,1
305475974,MEMEMKMKMEMEMKMK,1
305475974,QYQYQYQ,1
305475974,AAKAAAKAAAKAAAKA,1
305475974,CKIKQIINM,1
305475974,KIKQIINM,1
305475974,QMAVHV,1
305475974,RATARAEFRATARAEA,1
305475974,STVIIV,1
305475974,STVIIT,1
305475974,STVIIM,1
305475974,STNIIE,1
305475974,STEIIE,0
305475974,SNVIIE,1
305475974,SDVIIE,1
305475974,NTVIIE,1
305475974,ITVIIE,1
305475974,ETVIIE,1
305475974,LLYYTE,1
305475974,VEALYL,1
305475974,LYQLEN,0
305475974,VVVVV,1
305475974,FKFEF,1
305475974,VKVEV,0
305475974,KFFFE,1
305475974,KWMDF,1
305475974,RITTR,0
305475974,TTSGHTDTT,0
305475974,KIKQII,0
305475974,STVQIE,0
305475974,STVISE,0
305475974,STVIME,0
305475974,STVIGE,0
305475974,KTVIYE,0
305475974,KTVIVE,0
305475974,PTEKDE,0
305475974,NGKSNF,0
305475974,NGERIE,0
305475974,LSQPKI,0
305475974,LKNGER,0
305475974,IQVYSR,0
305475974,FTPTEK,0
305475974,ERIEKV,0
305475974,EKDEYA,0
305475974,DIEVDL,1
305475974,YQLENY,0
305475974,GFFYTP,1
305475974,NLGPVL,1
305475974,WKPYY,0
305475974,PPPHY,1
305475974,GGGGDD,1
305475974,NININI,1
305475974,CKAKAQANMWQ,1
305475974,VQIVYK,1
305475974,GFFLG,1
305475974,GGGGGGGGDD,1
305475974,YVVFV,1
305475974,VVEE,1
305475974,KLVFF,1
305475974,KLVFFAE,1
305475974,FFGPAGLDGD,1
305475974,FFGPLGLDGD,1
305475974,DFY,1
305475974,VVVVVVDD,1
305475974,SSTSAA,1
305475974,AEAEAKAKAEAEAKAK,1
305475974,VVVVVVKK,1
305475974,INHVGGTGGAIMAPVAVTRQLVGS,1
305475974,LIVGD,1
305475974,KAKAQANMWQ,1
305475974,KFG,0
305475974,KFKFQFNMWQ,1
305475974,FFGPLGLKGK,1
305475974,FFGPAGLKGK,1
305475974,KKKGGGAAAVVVIII,1
305475974,VVVGGGIIIAAAKKK,1
305475974,LIVAGK,1
305475974,LFF,1
305475974,CKFKFQF,1
305475974,KASAKAEAKAEAKASA,1
305475974,SAEAKAEAKAEASAEA,1
305475974,TTVIIE,1
305475974,SYVIIE,1
305475974,STVYIE,0
305475974,STVWIE,0
305475974,STVIIS,1
305475974,STVIIQ,1
305475974,STVIII,1
305475974,STVIIF,1
305475974,STVIIA,1
305475974,STVIFE,0
305475974,STVFIE,0
305475974,STQIIE,1
305475974,STLIIE,0
305475974,STFIIE,0
305475974,SMVIIE,1
305475974,ATVIIE,1
305475974,FYLLYY,1
305475974,AAVVLLLW,1
305475974,KFFDY,1
305475974,PLVKA,1
305475974,RITWI,1
305475974,TGTHTSTDT,0
305475974,AGAHASADA,0
305475974,KIKIQI,0
305475974,STVIVE,0
305475974,STVITE,0
305475974,STVIIP,1
305475974,STVGIE,0
305475974,STVAIE,0
305475974,STTIIE,1
305475974,STPIIE,0
305475974,STMIIE,0
305475974,KTVLIE,0
305475974,SDLSFS,0
305475974,FSKDWS,0
305475974,EHSDLS,0
305475974,GERGFF,0
305475974,EALYLV,1
305475974,KVKVK,0
305475974,PTPCY,1
305475974,KDHFY,0
305475974,EPYYK,0
305475974,KDPYY,0
305475974,QEIARLEQEIARLEYEIARLE,1
305475974,NNQQNY,1
305475974,YVIFL,1
305475974,WRWRWRWR,1
305475974,FFVLK,1
305475974,CKIKIQINMWQ,1
305475974,AAAAAAK,1
305475974,FAGFT,1
305475974,WRWRWR,1
305475974,FFGALGLDGD,1
305475974,WRWRWRWRWR,1
305475974,NVVVVY,1
305475974,FFGALGLKGK,1
305475974,FKFEFKFEFKFE,1
305475974,FFVDF,1
305475974,GFIL,1
305475974,FGFHFSFDF,1
305475974,PRFRFRFRF,1
305475974,IIIK,1
305475974,LLLLLLDD,1
305475974,KAKAQAN,1
305475974,KLDLKLDLKLDL,1
305475974,VKVKVKVRVPPTRVKVKVKV,1
305475974,KKKAAAIIIGGGVVV,1
305475974,ILVAGS,1
305475974,LIVAGT,1
305475974,LIVAD,1
305475974,IVAD,1
305475974,IID,1
305475974,NYNYNYN,1
305475974,SYSYSYS,1
305475974,CKFKFQFNM,1
305475974,CKIKIQI,1
305475974,CKIKIQIN,1
305475974,MKIKIQI,1
305475974,SVVIIE,1
305475974,STVIIN,1
305475974,STVIIL,1
305475974,STVIID,0
305475974,SSVIIE,1
305475974,SQVIIE,1
305475974,SAVIIE,1
305475974,LTVIIE,1
305475974,FTVIIE,1
305475974,NHVTLS,0
305475974,KDWSFY,0
305475974,LVEALY,0
305475974,KKSLSLSLSLSLSLKK,1
305475974,SYCGY,0
305475974,FFEKF,1
305475974,QIMRW,1
305475974,AASGHADAA,0
305475974,STVPIE,0
305475974,STVIQE,0
305475974,STVIAE,0
305475974,STDIIE,0
305475974,PTVIIE,1
305475974,YVSGFH,1
305475974,WSFYLL,1
305475974,VTLSQP,1
305475974,TEFTPT,0
305475974,SRHPAE,0
305475974,RTPKIQ,0
305475974,QPKIVK,0
305475974,PSDIEV,1
305475974,SLYQLE,1
305475974,HLVEAL,1
305475974,FYTPKT,0
305475974,FVNQHL,0
305475974,ERGFFY,0
305475974,KKFDD,0
305475974,DPDPD,0
305475974,YTEYK,0
305475974,YDPKY,0
305475974,AEAEAEAEAKAKAKAK,1
305475974,GFFLGLDD,1
305475974,AILSS,1
305475974,CEIEIQI,1
305475974,NFGAIL,1
305475974,LDFPI,1
305475974,CSISIQI,1
305475974,FFALGLAGKK,1
305475974,RARADADARARADADA,1
305475974,AAVVLLLWEEEEEEE,1
305475974,FFGAAGLKGK,1
305475974,VVVVVVK,1
305475974,FFPLGLAGDD,1
305475974,NVQVVY,1
305475974,VVVVVVD,1
305475974,WVNAKQYWRILKRRW,1
305475974,IKVAV,1
305475974,FGFDP,1
305475974,KFKFQFN,1
305475974,KIKIQINM,1
305475974,KIKIQINMWQ,1
305475974,VKVRVRVRVPPTRVRVRVKV,1
305475974,GGGAAAVVVIIIKKK,1
305475974,KKKIIIVVVAAAGGG,1
305475974,IIIVVVAAAGGGKKK,1
305475974,AIVAGS,1
305475974,GYGYGYG,1
305475974,NYNNYN,1
305475974,SYSSYS,1
305475974,CKAKAQA,1
305475974,CKIKQII,1
305475974,RADFRADARADARADA,1
305475974,RATARAEARATARAEA,1
305475974,NFGSVQ,1
305475974,YTVIIE,1
305475974,STVNIE,0
305475974,STVEIE,0
305475974,SLVIIE,1
305475974,SIVIIE,1
305475974,SFVIIE,1
305475974,QTVIIE,1
305475974,MTVIIE,1
305475974,GTVIIE,1
305475974,DTVIIE,1
305475974,FLVHSS,1
305475974,VKVFF,1
305475974,KFAFD,0
305475974,RWLDY,0
305475974,KWEFY,1
305475974,FKIDF,1
305475974,KAAGG,1
305475974,VKVKVKVKVDPPTKVEVKVKV,1
305475974,STYIIE,1
305475974,STVVIE,0
305475974,STVMIE,0
305475974,STVINE,0
305475974,STVIEE,0
305475974,SPVIIE,1
305475974,KTVIIT,1
305475974,KTVIIE,0
305475974,YYTEFT,1
305475974,VYSRHP,0
305475974,VKWDRD,0
305475974,PKIQVY,1
305475974,KVEHSD,0
305475974,KSNFLN,0
305475974,IEKVEH,0
305475974,HPAENG,0
305475974,FHPSDI,0
305475974,SHLVEA,0
305475974,GSHLVE,0
305475974,LIAGFN,1
305475974,VKVKV,1
305475974,CEIEIQINM,1
305475974,KFFAAK,1
305475974,GGGGGGGGGGDD,1
305475974,GGVVIA,1
305475974,ISDNL,0
305475974,YYACAYY,1
305475974,CKFKFQFNMWQ,1
305475974,FFKLVFF,1
305475974,CSISIQINM,1
305475974,AAAAAAD,1
305475974,ITSVV,1
305475974,GFFL,1
305475974,GAVILRR,1
305475974,NVVQIY,1
305475974,YFTEF,1
305475974,AAAAAAAAAAAARR,1
305475974,FGAIL,1
305475974,GNNQQNY,1
305475974,RFRFRFRF,1
305475974,NNVVNY,1
305475974,IIIIIIKK,1
305475974,VRVRVRVRVPPTRVRVRVRV,1
305475974,VKVKVRVRVPPTRVRVKVKV,1
305475974,ILVAGD,1
305475974,LIVAAD,1
305475974,LIVAGS,1
305475974,AIVAGT,1
305475974,IVD,1
305475974,QYQQYQ,1
305475974,CKIKQIINMWQ,1
305475974,KIKQIINMWQ,1
305475974,PPPPPPPPPPRKKRRQRRR,1
305475974,PPPPPPPPPPRRR,1
305475974,MKFKFQF,1
305475974,RADARADFRADARADA,1
305475974,YFCFY,1
305475974,YTIAALLSPYS,1
305475974,WTVIIE,1
305475974,VTVIIE,1
305475974,STVTIE,0
305475974,STVLIE,1
305475974,STVIYE,0
305475974,STVIIY,1
305475974,STVIIW,1
305475974,STVIIE,1
305475974,STSIIE,0
305475974,SGVIIE,1
305475974,SEVIIE,1
305475974,KIVKWD,0
305475974,PFTTR,0
305475974,VKVKVKVK,1
305475974,SWVIIE,1
305475974,STVSIE,0
305475974,STVIWE,1
305475974,STVIPE,0
305475974,STVILE,1
305475974,STVIDE,0
305475974,STVDIE,0
305475974,STIIIE,1
305475974,STGIIE,0
305475974,STAIIE,0
305475974,SGFHPS,1
305475974,RVNHVT,0
305475974,LSFSKD,0
305475974,KWDRDM,0
305475974,IQRTPK,0
305475974,EVDLLK,1
305475974,DLLKNG,0
305475974,AENGKS,0
305475974,RGFFYT,0
305475974,FFYTPK,0
305475974,RVSVD,0
305475974,YEPYK,0
369953070,AEAEAEAEAKAKAKAK,1
369953070,QEIARLEQEIARLEYEIARLE,1
369953070,AILSS,1
369953070,GGGGGGGGGGDD,1
369953070,NININI,1
369953070,CKAKAQANM,1
369953070,CKAKAQANMWQ,1
369953070,FTISD,1
369953070,FFALGLAGKK,1
369953070,WRWRWR,1
369953070,FFGAAGLDGD,1
369953070,FKFEFKFEFKFE,1
369953070,AAAAAAAAAAAARR,1
369953070,VVVVVVDD,1
369953070,FFVDF,1
369953070,FFPLGLAGDD,1
369953070,INHVGGTGGAIMAPVAVTRQLVGS,1
369953070,RADARADARADARADA,1
369953070,GGGGGGDD,1
369953070,PRFRFRFRF,1
369953070,LLLLLLDD,1
369953070,KFKFQFNMWQ,1
369953070,KIKIQINMWQ,1
369953070,VKVRVRVRVPPTRVRVRVKV,1
369953070,VRVRVRVRVPPTRVRVRVRV,1
369953070,KKKIIIVVVAAAGGG,1
369953070,VVVGGGIIIAAAKKK,1
369953070,IVD,1
369953070,NYNYNYN,1
369953070,QYQYQYQ,1
369953070,GYGYGYG,1
369953070,CKIKIQIN,1
369953070,CKIKQIINM,1
369953070,KASAKAEAKAEAKASA,1
369953070,KIKQIINM,1
369953070,SYVIIE,1
369953070,SVVIIE,1
369953070,STVIIY,1
369953070,STVIII,1
369953070,STLIIE,1
369953070,STFIIE,1
369953070,SQVIIE,1
369953070,NTVIIE,1
369953070,FTVIIE,1
369953070,ETVIIE,1
369953070,FLVHSS,0
369953070,KKSLSLSLSLSLSLKK,1
369953070,KFFFE,1
369953070,SYCGY,0
369953070,RWLDY,0
369953070,RITTR,0
369953070,TTSGHTDTT,0
369953070,KIKQII,0
369953070,STVQIE,0
369953070,STVINE,0
369953070,STVILE,1
369953070,KTVIYE,0
369953070,YYTEFT,0
369953070,WSFYLL,1
369953070,VTLSQP,1
369953070,SDLSFS,1
369953070,PSDIEV,1
369953070,PKIQVY,1
369953070,NGKSNF,0
369953070,LKNGER,0
369953070,KWDRDM,0
369953070,IQRTPK,0
369953070,ERIEKV,0
369953070,DLLKNG,0
369953070,DIEVDL,1
369953070,FVNQHL,0
369953070,LIAGFN,1
369953070,DPDPD,0
369953070,YEPYK,0
369953070,NNQQNY,1
369953070,EFFAAE,1
369953070,QQEFQWQFRQQ,1
369953070,VQIVYK,0
369953070,FFKLVFF,1
369953070,LDFPI,1
369953070,AAAAAAK,1
369953070,GGGGGGGGDD,1
369953070,RARADADARARADADA,1
369953070,AAVVLLLWEEEEEEE,1
369953070,FFGALGLDGD,1
369953070,KLVFF,1
369953070,GFFL,1
369953070,GAVILRR,1
369953070,LLLLLLKK,1
369953070,NVQVVY,1
369953070,IKVAV,1
369953070,FGFDP,1
369953070,GAIL,1
369953070,KYF,1
369953070,FFGPAGLKGK,1
369953070,KKKGGGAAAVVVIII,1
369953070,LAVAGD,1
369953070,LIVAD,1
369953070,IVAD,1
369953070,SYSYSYS,1
369953070,SYSSYS,1
369953070,CKAKAQA,1
369953070,MKIKIQI,1
369953070,RATARAEARATARAEA,1
369953070,QMAVHV,0
369953070,YTVIIE,1
369953070,STVYIE,1
369953070,STVNIE,0
369953070,STVIIT,1
369953070,STVIIS,1
369953070,STVIIL,1
369953070,STVIIF,1
369953070,STVIID,0
369953070,STVEIE,0
369953070,SLVIIE,1
369953070,SGVIIE,1
369953070,SDVIIE,1
369953070,ITVIIE,1
369953070,KIVKWD,0
369953070,LVEALY,1
369953070,AAVVLLLW,1
369953070,FKFEF,1
369953070,VKVEV,0
369953070,KFAFD,0
369953070,PFTTR,0
369953070,AGAHASADA,0
369953070,STYIIE,1
369953070,STVVIE,0
369953070,STVSIE,1
369953070,STVPIE,0
369953070,STVISE,0
369953070,STVGIE,0
369953070,STPIIE,0
369953070,SPVIIE,1
369953070,KTVLIE,0
369953070,KTVIIE,0
369953070,VKWDRD,0
369953070,RVNHVT,0
369953070,PTEKDE,0
369953070,KVEHSD,0
369953070,KSNFLN,0
369953070,SLYQLE,1
369953070,SHLVEA,0
369953070,GSHLVE,0
369953070,GERGFF,0
369953070,FYTPKT,0
369953070,EALYLV,1
369953070,YTEYK,0
369953070,GGGGDD,1
369953070,GFFLGLDD,1
369953070,CEIEIQI,1
369953070,CEIEIQINM,1
369953070,KFFAAK,1
369953070,WRWRWRWR,1
369953070,CKFKFQFNMWQ,1
369953070,AAVVLLLWEE,1
369953070,CKIKIQINMWQ,1
369953070,CSISIQINM,1
369953070,FFGAAGLKGK,1
369953070,NVVVVY,1
369953070,SFSFSF,1
369953070,YFTEF,1
369953070,AEAEAKAKAEAEAKAK,1
369953070,FFPLGLAGKK,1
369953070,FFSGHFDFF,1
369953070,GFIL,1
369953070,RFRFRFRF,1
369953070,KFKFQF,1
369953070,KFKFQFN,1
369953070,IIIVVVAAAGGGKKK,1
369953070,ILVAGD,1
369953070,LIVAGS,1
369953070,ILVAGS,1
369953070,AIVAGS,1
369953070,CKFKFQFNM,1
369953070,CKIKQII,1
369953070,CKIKQIINMWQ,1
369953070,SAEAKAEAKAEASAEA,1
369953070,YTIAALLSPYS,1
369953070,WTVIIE,1
369953070,VTVIIE,1
369953070,STVIYE,0
369953070,STVIIW,1
369953070,STVIIA,1
369953070,STVFIE,1
369953070,STNIIE,1
369953070,SSVIIE,1
369953070,SIVIIE,1
369953070,QTVIIE,1
369953070,GTVIIE,1
369953070,ATVIIE,1
369953070,NHVTLS,0
369953070,KDWSFY,0
369953070,VEALYL,1
369953070,VVVVV,1
369953070,KWEFY,1
369953070,FKIDF,1
369953070,KFFDY,1
369953070,RITWI,1
369953070,VKVKVKVK,1
369953070,STVITE,0
369953070,STVIGE,0
369953070,STVDIE,0
369953070,STTIIE,1
369953070,STIIIE,1
369953070,STGIIE,0
369953070,STAIIE,0
369953070,KTVIIT,1
369953070,SGFHPS,0
369953070,NGERIE,0
369953070,LSQPKI,0
369953070,FTPTEK,0
369953070,FHPSDI,0
369953070,AENGKS,0
369953070,NLGPVL,1
369953070,RVSVD,0
369953070,VKVKV,1
369953070,WKPYY,1
369953070,PTPCY,1
369953070,EPYYK,0
369953070,YDPKY,0
369953070,KDPYY,0
369953070,GGVVIA,1
369953070,FKFEFKFE,1
369953070,NFGAIL,0
369953070,YYACAYY,1
369953070,FAGFT,1
369953070,WRWRWRWRWR,1
369953070,KLVFFAE,1
369953070,FFGALGLKGK,1
369953070,FFGPLGLDGD,1
369953070,NVVQIY,1
369953070,VEVE,1
369953070,VVVVVVKK,1
369953070,YVNAKQYYRILKRRY,1
369953070,FGAIL,1
369953070,VVVVVVD,1
369953070,IIIK,1
369953070,LIVGD,1
369953070,IIIIIIKK,1
369953070,KAKAQAN,1
369953070,KAKAQANMWQ,1
369953070,KFG,0
369953070,FFGPLGLKGK,1
369953070,VKVKVKVRVPPTRVKVKVKV,1
369953070,GGGAAAVVVIIIKKK,1
369953070,KKKAAAIIIGGGVVV,1
369953070,LIVAGD,1
369953070,LIVAGK,1
369953070,LIVAGT,1
369953070,IID,1
369953070,MEMEMKMKMEMEMKMK,1
369953070,NYNNYN,1
369953070,KIKQIINMWQ,1
369953070,PPPPPPPPPPRKKRRQRRR,1
369953070,PPPPPPPPPPRRR,1
369953070,MKFKFQF,1
369953070,RADARADFRADARADA,1
369953070,RATARAEFRATARAEA,1
369953070,TTVIIE,1
369953070,STVTIE,0
369953070,STVIIV,1
369953070,STVIIQ,1
369953070,STVIFE,1
369953070,STSIIE,0
369953070,SFVIIE,1
369953070,SEVIIE,1
369953070,LTVIIE,1
369953070,DTVIIE,1
369953070,VKVFF,1
369953070,FFEKF,1
369953070,KWMDF,1
369953070,KAAGG,1
369953070,QIMRW,1
369953070,SWVIIE,1
369953070,STVIWE,1
369953070,STVIVE,0
369953070,STVIPE,0
369953070,STVIIP,1
369953070,STVIEE,1
369953070,STVIAE,0
369953070,STVAIE,0
369953070,KTVIVE,0
369953070,SRHPAE,0
369953070,LSFSKD,0
369953070,IQVYSR,0
369953070,HPAENG,0
369953070,FSKDWS,0
369953070,YQLENY,1
369953070,RGFFYT,0
369953070,HLVEAL,1
369953070,GFFYTP,1
369953070,KKFDD,0
369953070,KVKVK,0
369953070,KDHFY,0
369953070,YVIFL,1
369953070,CEIEIQINMWQ,1
369953070,ISDNL,0
369953070,FFVLK,1
369953070,CSISIQI,1
369953070,GFFLG,1
369953070,AAAAAAD,1
369953070,YVVFV,1
369953070,ITSVV,1
369953070,VVEE,1
369953070,FFGPAGLDGD,1
369953070,DFY,1
369953070,YVVFL,1
369953070,VVVVVVK,1
369953070,SSTSAA,1
369953070,GNNQQNY,1
369953070,FGFHFSFDF,1
369953070,WVNAKQYWRILKRRW,1
369953070,NNVVNY,1
369953070,KAKAQA,0
369953070,KIKIQINM,1
369953070,KLDLKLDLKLDL,1
369953070,VKVKVRVRVPPTRVRVKVKV,1
369953070,LIVAAD,1
369953070,AIVAGD,1
369953070,LIVAGE,1
369953070,AIVAGT,1
369953070,QYQQYQ,1
369953070,LFF,1
369953070,AAKAAAKAAAKAAAKA,1
369953070,CKFKFQF,1
369953070,CKIKIQI,1
369953070,RADFRADARADARADA,1
369953070,NFGSVQ,0
369953070,YFCFY,1
369953070,STVWIE,0
369953070,STVLIE,0
369953070,STVIIN,1
369953070,STVIIM,1
369953070,STVIIE,1
369953070,STQIIE,1
369953070,STEIIE,0
369953070,SNVIIE,1
369953070,SMVIIE,1
369953070,SAVIIE,1
369953070,MTVIIE,1
369953070,LLYYTE,1
369953070,FYLLYY,1
369953070,LYQLEN,0
369953070,PLVKA,1
369953070,TGTHTSTDT,0
369953070,AASGHADAA,0
369953070,KIKIQI,0
369953070,VKVKVKVKVDPPTKVEVKVKV,1
369953070,STVMIE,0
369953070,STVIQE,0
369953070,STVIME,0
369953070,STVIDE,0
369953070,STMIIE,0
369953070,STDIIE,0
369953070,PTVIIE,1
369953070,YVSGFH,1
369953070,VYSRHP,0
369953070,TEFTPT,0
369953070,RTPKIQ,0
369953070,QPKIVK,0
369953070,IEKVEH,0
369953070,EVDLLK,0
369953070,EKDEYA,0
369953070,EHSDLS,0
369953070,FFYTPK,0
369953070,ERGFFY,1
369953070,PPPHY,1
879273778,AEAEAEAEAKAKAKAK,1
879273778,CKAKAQANMWQ,1
879273778,VQIVYK,0
879273778,FTISD,0
879273778,AAVVLLLWEE,1
879273778,CKIKIQINMWQ,1
879273778,FFALGLAGKK,1
879273778,WRWRWR,1
879273778,YVVFV,1
879273778,FFGALGLKGK,1
879273778,FFGPLGLDGD,1
879273778,AAAAAAAAAAAARR,1
879273778,VEVE,1
879273778,VVVVVVK,1
879273778,SSTSAA,1
879273778,VVVVVVD,1
879273778,RADARADARADARADA,1
879273778,PRFRFRFRF,1
879273778,FGFDP,1
879273778,IIIK,1
879273778,LIVGD,1
879273778,IIIIIIKK,1
879273778,KIKIQINM,1
879273778,KYF,1
879273778,VKVKVKVRVPPTRVKVKVKV,1
879273778,LIVAGT,1
879273778,IVAD,1
879273778,IVD,1
879273778,IID,1
879273778,NYNNYN,1
879273778,CKFKFQF,1
879273778,CKIKIQIN,1
879273778,CKIKQII,1
879273778,KASAKAEAKAEAKASA,1
879273778,RADFRADARADARADA,1
879273778,NFGSVQ,1
879273778,RATARAEFRATARAEA,1
879273778,STVLIE,1
879273778,STVIIS,1
879273778,STVIIQ,1
879273778,STVEIE,0
879273778,STQIIE,1
879273778,STEIIE,1
879273778,SSVIIE,1
879273778,SLVIIE,1
879273778,NTVIIE,1
879273778,LLYYTE,1
879273778,VEALYL,0
879273778,VVVVV,1
879273778,SYCGY,1
879273778,KAAGG,1
879273778,QIMRW,1
879273778,AGAHASADA,0
879273778,KIKIQI,0
879273778,VKVKVKVKVDPPTKVEVKVKV,1
879273778,STVILE,1
879273778,STVIEE,0
879273778,STVAIE,0
879273778,STTIIE,1
879273778,STDIIE,0
879273778,NGKSNF,0
879273778,LSFSKD,0
879273778,KVEHSD,0
879273778,IQVYSR,0
879273778,FSKDWS,0
879273778,FHPSDI,0
879273778,EHSDLS,0
879273778,FYTPKT,0
879273778,ERGFFY,0
879273778,RVSVD,0
879273778,KVKVK,0
879273778,PTPCY,1
879273778,KDPYY,0
879273778,YEPYK,0
879273778,GGGGDD,1
879273778,GFFLGLDD,1
879273778,NNQQNY,1
879273778,CEIEIQINM,1
879273778,EFFAAE,1
879273778,GGVVIA,1
879273778,FFGAAGLDGD,1
879273778,VVEE,1
879273778,KLVFF,1
879273778,LLLLLLKK,1
879273778,VVVVVVKK,1
879273778,FFPLGLAGDD,1
879273778,FGAIL,1
879273778,GNNQQNY,1
879273778,FFPLGLAGKK,1
879273778,FGFHFSFDF,1
879273778,WVNAKQYWRILKRRW,1
879273778,RFRFRFRF,1
879273778,GGGGGGDD,1
879273778,KFKFQFN,1
879273778,KFKFQFNMWQ,1
879273778,KLDLKLDLKLDL,1
879273778,FFGPLGLKGK,1
879273778,FFGPAGLKGK,1
879273778,KKKGGGAAAVVVIII,1
879273778,VVVGGGIIIAAAKKK,1
879273778,KKKAAAIIIGGGVVV,1
879273778,AIVAGD,1
879273778,LIVAGE,1
879273778,LIVAGK,1
879273778,AIVAGT,1
879273778,NYNYNYN,1
879273778,QYQQYQ,1
879273778,AAKAAAKAAAKAAAKA,1
879273778,CKAKAQA,1
879273778,CKIKQIINM,1
879273778,KIKQIINMWQ,1
879273778,MKFKFQF,1
879273778,YTIAALLSPYS,1
879273778,WTVIIE,1
879273778,STVTIE,0
879273778,STVIIT,1
879273778,STVIII,1
879273778,SGVIIE,1
879273778,MTVIIE,1
879273778,NHVTLS,0
879273778,LYQLEN,0
879273778,AAVVLLLW,1
879273778,VKVFF,1
879273778,KFFFE,1
879273778,RITTR,0
879273778,VKVKVKVK,1
879273778,STVIWE,1
879273778,STVITE,0
879273778,STVINE,0
879273778,STVGIE,0
879273778,STMIIE,0
879273778,KTVIIT,1
879273778,YYTEFT,1
879273778,TEFTPT,0
879273778,LKNGER,0
879273778,KSNFLN,0
879273778,FTPTEK,0
879273778,EVDLLK,1
879273778,EKDEYA,0
879273778,DLLKNG,0
879273778,DIEVDL,1
879273778,GERGFF,0
879273778,EALYLV,1
879273778,NLGPVL,1
879273778,LIAGFN,1
879273778,KDHFY,0
879273778,YTEYK,0
879273778,YDPKY,0
879273778,AILSS,1
879273778,CEIEIQI,1
879273778,GGGGGGGGGGDD,1
879273778,NININI,1
879273778,ISDNL,0
879273778,NFGAIL,0
879273778,CKAKAQANM,1
879273778,AAAAAAK,1
879273778,ITSVV,1
879273778,NVVVVY,1
879273778,NVVQIY,1
879273778,AEAEAKAKAEAEAKAK,1
879273778,INHVGGTGGAIMAPVAVTRQLVGS,1
879273778,IKVAV,1
879273778,NNVVNY,1
879273778,KFG,0
879273778,VKVRVRVRVPPTRVRVRVKV,1
879273778,GGGAAAVVVIIIKKK,1
879273778,IIIVVVAAAGGGKKK,1
879273778,LIVAGD,1
879273778,ILVAGD,1
879273778,LIVAAD,1
879273778,LIVAGS,1
879273778,AIVAGS,1
879273778,LIVAD,1
879273778,MEMEMKMKMEMEMKMK,1
879273778,CKFKFQFNM,1
879273778,CKIKIQI,1
879273778,CKIKQIINMWQ,1
879273778,PPPPPPPPPPRKKRRQRRR,1
879273778,PPPPPPPPPPRRR,1
879273778,QMAVHV,0
879273778,TTVIIE,1
879273778,SVVIIE,1
879273778,STVWIE,0
879273778,STVIIL,1
879273778,STVIFE,1
879273778,SIVIIE,1
879273778,SFVIIE,1
879273778,QTVIIE,1
879273778,GTVIIE,1
879273778,ETVIIE,1
879273778,ATVIIE,1
879273778,KIVKWD,0
879273778,KDWSFY,0
879273778,FLVHSS,0
879273778,VKVEV,0
879273778,FFEKF,1
879273778,FKIDF,1
879273778,KWMDF,1
879273778,STYIIE,1
879273778,STVIQE,0
879273778,STVIIP,1
879273778,STVIAE,0
879273778,STVDIE,0
879273778,STGIIE,0
879273778,STAIIE,0
879273778,KTVLIE,0
879273778,KTVIIE,0
879273778,VYSRHP,0
879273778,PTEKDE,0
879273778,PSDIEV,1
879273778,NGERIE,0
879273778,LSQPKI,0
879273778,IQRTPK,0
879273778,IEKVEH,0
879273778,HPAENG,0
879273778,ERIEKV,0
879273778,AENGKS,0
879273778,FVNQHL,0
879273778,KKFDD,0
879273778,VKVKV,1
879273778,DPDPD,0
879273778,PPPHY,0
879273778,QEIARLEQEIARLEYEIARLE,1
879273778,FKFEFKFE,1
879273778,CEIEIQINMWQ,1
879273778,YYACAYY,1
879273778,LDFPI,1
879273778,FFVLK,1
879273778,CSISIQI,1
879273778,GFFLG,1
879273778,CSISIQINM,1
879273778,FAGFT,1
879273778,AAVVLLLWEEEEEEE,1
879273778,FFGAAGLKGK,1
879273778,KLVFFAE,1
879273778,YFTEF,1
879273778,FKFEFKFEFKFE,1
879273778,VVVVVVDD,1
879273778,FFVDF,1
879273778,YVNAKQYYRILKRRY,1
879273778,NVQVVY,1
879273778,GFIL,1
879273778,GAIL,1
879273778,KAKAQANMWQ,1
879273778,KFKFQF,1
879273778,KIKIQINMWQ,1
879273778,KKKIIIVVVAAAGGG,1
879273778,ILVAGS,1
879273778,GYGYGYG,1
879273778,KIKQIINM,1
879273778,YFCFY,1
879273778,VTVIIE,1
879273778,SYVIIE,1
879273778,STVYIE,1
879273778,STVNIE,0
879273778,STVIYE,0
879273778,STVIIY,1
879273778,STVIIV,1
879273778,STVIIN,1
879273778,STVIIM,1
879273778,STVIIF,1
879273778,STVIID,1
879273778,STVIIA,1
879273778,STNIIE,1
879273778,STFIIE,1
879273778,SNVIIE,1
879273778,SEVIIE,1
879273778,ITVIIE,1
879273778,FYLLYY,1
879273778,KKSLSLSLSLSLSLKK,1
879273778,RWLDY,0
879273778,KWEFY,1
879273778,RITWI,1
879273778,TTSGHTDTT,0
879273778,KIKQII,0
879273778,SWVIIE,1
879273778,STVVIE,1
879273778,STVQIE,0
879273778,STVPIE,0
879273778,STVMIE,0
879273778,STVIVE,1
879273778,STVISE,0
879273778,STVIGE,0
879273778,STVIDE,0
879273778,YVSGFH,1
879273778,WSFYLL,1
879273778,SGFHPS,0
879273778,RVNHVT,0
879273778,QPKIVK,1
879273778,KWDRDM,0
879273778,YQLENY,1
879273778,HLVEAL,1
879273778,GSHLVE,0
879273778,FFYTPK,0
879273778,WKPYY,1
879273778,YVIFL,1
879273778,KFFAAK,1
879273778,QQEFQWQFRQQ,0
879273778,WRWRWRWR,1
879273778,CKFKFQFNMWQ,1
879273778,FFKLVFF,1
879273778,AAAAAAD,1
879273778,GGGGGGGGDD,1
879273778,RARADADARARADADA,1
879273778,FFGALGLDGD,1
879273778,WRWRWRWRWR,1
879273778,GFFL,1
879273778,GAVILRR,1
879273778,SFSFSF,1
879273778,FFGPAGLDGD,1
879273778,DFY,1
879273778,YVVFL,1
879273778,FFSGHFDFF,1
879273778,LLLLLLDD,1
879273778,KAKAQA,0
879273778,KAKAQAN,0
879273778,VRVRVRVRVPPTRVRVRVRV,1
879273778,VKVKVRVRVPPTRVRVKVKV,1
879273778,LAVAGD,1
879273778,QYQYQYQ,1
879273778,SYSYSYS,1
879273778,SYSSYS,1
879273778,LFF,1
879273778,MKIKIQI,1
879273778,RADARADFRADARADA,1
879273778,RATARAEARATARAEA,1
879273778,SAEAKAEAKAEASAEA,1
879273778,YTVIIE,1
879273778,STVIIW,1
879273778,STVIIE,1
879273778,STVFIE,1
879273778,STSIIE,0
879273778,STLIIE,1
879273778,SQVIIE,1
879273778,SMVIIE,1
879273778,SDVIIE,1
879273778,SAVIIE,1
879273778,LTVIIE,1
879273778,FTVIIE,1
879273778,DTVIIE,1
879273778,LVEALY,0
879273778,FKFEF,1
879273778,KFAFD,1
879273778,KFFDY,1
879273778,PLVKA,1
879273778,PFTTR,0
879273778,TGTHTSTDT,0
879273778,AASGHADAA,0
879273778,STVSIE,0
879273778,STVIPE,0
879273778,STVIME,0
879273778,STPIIE,0
879273778,STIIIE,1
879273778,SPVIIE,1
879273778,PTVIIE,1
879273778,KTVIYE,0
879273778,KTVIVE,0
879273778,VTLSQP,1
879273778,VKWDRD,0
879273778,SRHPAE,0
879273778,SDLSFS,0
879273778,RTPKIQ,0
879273778,PKIQVY,1
879273778,SLYQLE,1
879273778,SHLVEA,0
879273778,RGFFYT,0
879273778,GFFYTP,1
879273778,EPYYK,0
965681145,YVIFL,1
965681145,QQEFQWQFRQQ,0
965681145,YYACAYY,1
965681145,CKFKFQFNMWQ,1
965681145,AAVVLLLWEE,1
965681145,CSISIQI,1
965681145,GFFLG,1
965681145,AAAAAAD,1
965681145,FFGAAGLDGD,1
965681145,WRWRWRWRWR,1
965681145,GAVILRR,1
965681145,FFGPLGLDGD,1
965681145,FKFEFKFEFKFE,1
965681145,SSTSAA,1
965681145,AEAEAKAKAEAEAKAK,1
965681145,VVVVVVKK,1
965681145,YVNAKQYYRILKRRY,1
965681145,NVQVVY,1
965681145,INHVGGTGGAIMAPVAVTRQLVGS,1
965681145,GFIL,1
965681145,GAIL,1
965681145,KFG,0
965681145,VRVRVRVRVPPTRVRVRVRV,1
965681145,KKKIIIVVVAAAGGG,1
965681145,VVVGGGIIIAAAKKK,1
965681145,ILVAGS,1
965681145,IVAD,1
965681145,QYQYQYQ,1
965681145,NYNNYN,1
965681145,CKAKAQA,1
965681145,CKIKIQIN,1
965681145,CKIKQIINM,1
965681145,QMAVHV,1
965681145,YFCFY,1
965681145,STVIIT,1
965681145,STVIIL,1
965681145,STVIIE,1
965681145,STVIID,0
965681145,STVFIE,1
965681145,STVEIE,0
965681145,STQIIE,0
965681145,SQVIIE,1
965681145,SMVIIE,1
965681145,SIVIIE,1
965681145,NTVIIE,1
965681145,ITVIIE,1
965681145,GTVIIE,1
965681145,ATVIIE,1
965681145,VVVVV,1
965681145,FKIDF,1
965681145,PLVKA,1
965681145,STVPIE,0
965681145,STVMIE,0
965681145,STVIEE,1
965681145,STVGIE,0
965681145,STVDIE,0
965681145,STTIIE,1
965681145,STMIIE,0
965681145,STIIIE,1
965681145,KTVIYE,0
965681145,YYTEFT,1
965681145,VYSRHP,0
965681145,LSQPKI,0
965681145,KVEHSD,0
965681145,IQRTPK,0
965681145,HPAENG,0
965681145,DIEVDL,1
965681145,GSHLVE,0
965681145,EALYLV,1
965681145,NLGPVL,1
965681145,LIAGFN,1
965681145,DPDPD,0
965681145,YTEYK,0
965681145,YEPYK,0
965681145,AILSS,1
965681145,NFGAIL,0
965681145,WRWRWR,1
965681145,AAVVLLLWEEEEEEE,1
965681145,FFGALGLDGD,1
965681145,SFSFSF,1
965681145,KLVFFAE,1
965681145,NVVQIY,1
965681145,DFY,1
965681145,YVVFL,1
965681145,FFVDF,1
965681145,FGAIL,1
965681145,FGFHFSFDF,1
965681145,PRFRFRFRF,1
965681145,LLLLLLDD,1
965681145,KAKAQANMWQ,1
965681145,KFKFQFN,1
965681145,KFKFQFNMWQ,1
965681145,KLDLKLDLKLDL,1
965681145,KYF,1
965681145,FFGPAGLKGK,1
965681145,VKVRVRVRVPPTRVRVRVKV,1
965681145,KKKGGGAAAVVVIII,1
965681145,LAVAGD,1
965681145,AIVAGS,1
965681145,GYGYGYG,1
965681145,QYQQYQ,1
965681145,CKFKFQFNM,1
965681145,CKIKQII,1
965681145,CKIKQIINMWQ,1
965681145,KASAKAEAKAEAKASA,1
965681145,RADARADFRADARADA,1
965681145,WTVIIE,1
965681145,STVWIE,1
965681145,STVTIE,0
965681145,STVNIE,0
965681145,STVIYE,0
965681145,STVIIY,1
965681145,STVIIV,1
965681145,STVIII,1
965681145,STSIIE,0
965681145,SGVIIE,1
965681145,MTVIIE,1
965681145,FTVIIE,1
965681145,LLYYTE,1
965681145,AAVVLLLW,1
965681145,FKFEF,1
965681145,KFFFE,1
965681145,KWEFY,1
965681145,KFFDY,1
965681145,KIKQII,0
965681145,SWVIIE,1
965681145,STVQIE,1
965681145,STVITE,0
965681145,STVIQE,0
965681145,STVIPE,0
965681145,STVIIP,1
965681145,STVIAE,0
965681145,KTVLIE,0
965681145,KTVIIE,0
965681145,YVSGFH,1
965681145,PTEKDE,0
965681145,PSDIEV,1
965681145,KSNFLN,0
965681145,FHPSDI,0
965681145,EKDEYA,0
965681145,AENGKS,0
965681145,RGFFYT,0
965681145,HLVEAL,1
965681145,GFFYTP,1
965681145,GERGFF,1
965681145,KKFDD,0
965681145,PTPCY,1
965681145,EPYYK,0
965681145,AEAEAEAEAKAKAKAK,1
965681145,EFFAAE,1
965681145,GGVVIA,1
965681145,NININI,1
965681145,ISDNL,0
965681145,FTISD,0
965681145,FFKLVFF,1
965681145,LDFPI,1
965681145,FFVLK,1
965681145,AAAAAAK,1
965681145,GGGGGGGGDD,1
965681145,RARADADARARADADA,1
965681145,VVEE,1
965681145,KLVFF,1
965681145,FFGALGLKGK,1
965681145,YFTEF,1
965681145,VEVE,0
965681145,WVNAKQYWRILKRRW,1
965681145,RFRFRFRF,1
965681145,LIVGD,1
965681145,KAKAQA,0
965681145,KIKIQINMWQ,1
965681145,FFGPLGLKGK,1
965681145,GGGAAAVVVIIIKKK,1
965681145,LIVAGD,1
965681145,ILVAGD,1
965681145,LIVAGE,1
965681145,LIVAGS,1
965681145,IID,1
965681145,SYSYSYS,1
965681145,MKIKIQI,1
965681145,PPPPPPPPPPRRR,1
965681145,MKFKFQF,1
965681145,RADFRADARADARADA,1
965681145,RATARAEARATARAEA,1
965681145,NFGSVQ,1
965681145,SAEAKAEAKAEASAEA,1
965681145,YTIAALLSPYS,1
965681145,TTVIIE,1
965681145,STVYIE,1
965681145,STVIIW,1
965681145,STVIIF,1
965681145,SNVIIE,1
965681145,SFVIIE,1
965681145,DTVIIE,1
965681145,NHVTLS,0
965681145,LYQLEN,0
965681145,KKSLSLSLSLSLSLKK,1
965681145,VKVFF,1
965681145,FFEKF,1
965681145,RITTR,0
965681145,RITWI,1
965681145,TTSGHTDTT,0
965681145,AASGHADAA,0
965681145,STVSIE,1
965681145,STVIWE,1
965681145,STVIVE,0
965681145,STVISE,0
965681145,STPIIE,0
965681145,STGIIE,0
965681145,STAIIE,0
965681145,KTVIVE,0
965681145,TEFTPT,0
965681145,SRHPAE,0
965681145,SDLSFS,0
965681145,RVNHVT,0
965681145,PKIQVY,1
965681145,NGKSNF,0
965681145,LKNGER,0
965681145,IQVYSR,0
965681145,FSKDWS,0
965681145,RVSVD,0
965681145,PPPHY,1
965681145,KDPYY,0
965681145,GGGGDD,1
965681145,QEIARLEQEIARLEYEIARLE,1
965681145,CEIEIQI,1
965681145,CEIEIQINM,1
965681145,KFFAAK,1
965681145,CKAKAQANMWQ,1
965681145,CKIKIQINMWQ,1
965681145,CSISIQINM,1
965681145,YVVFV,1
965681145,FFGAAGLKGK,1
965681145,ITSVV,1
965681145,VVVVVVDD,1
965681145,FFPLGLAGKK,1
965681145,FFSGHFDFF,1
965681145,VVVVVVD,1
965681145,RADARADARADARADA,1
965681145,GGGGGGDD,1
965681145,IIIK,1
965681145,NNVVNY,1
965681145,KAKAQAN,1
965681145,KFKFQF,1
965681145,VKVKVRVRVPPTRVRVKVKV,1
965681145,IIIVVVAAAGGGKKK,1
965681145,AIVAGD,1
965681145,AIVAGT,1
965681145,IVD,1
965681145,MEMEMKMKMEMEMKMK,1
965681145,NYNYNYN,1
965681145,SYSSYS,1
965681145,CKIKIQI,1
965681145,KIKQIINMWQ,1
965681145,RATARAEFRATARAEA,1
965681145,YTVIIE,1
965681145,VTVIIE,1
965681145,SYVIIE,1
965681145,STVLIE,1
965681145,STVIIS,1
965681145,STVIIQ,1
965681145,STVIIN,1
965681145,STVIIM,1
965681145,STVIFE,1
965681145,STNIIE,0
965681145,SLVIIE,1
965681145,SEVIIE,1
965681145,SDVIIE,1
965681145,SAVIIE,1
965681145,LTVIIE,1
965681145,KDWSFY,0
965681145,FLVHSS,0
965681145,KFAFD,1
965681145,KAAGG,1
965681145,PFTTR,0
965681145,VKVKVKVKVDPPTKVEVKVKV,1
965681145,STVVIE,0
965681145,STVILE,1
965681145,STVIDE,0
965681145,STDIIE,0
965681145,SPVIIE,1
965681145,PTVIIE,1
965681145,VKWDRD,0
965681145,SGFHPS,0
965681145,QPKIVK,0
965681145,LSFSKD,0
965681145,KWDRDM,0
965681145,FTPTEK,0
965681145,ERIEKV,0
965681145,EHSDLS,0
965681145,SLYQLE,1
965681145,SHLVEA,0
965681145,FVNQHL,1
965681145,ERGFFY,0
965681145,VKVKV,1
965681145,KVKVK,0
965681145,GFFLGLDD,1
965681145,NNQQNY,1
965681145,GGGGGGGGGGDD,1
965681145,FKFEFKFE,1
965681145,CEIEIQINMWQ,1
965681145,WRWRWRWR,1
965681145,CKAKAQANM,1
965681145,VQIVYK,1
965681145,FFALGLAGKK,1
965681145,FAGFT,1
965681145,GFFL,1
965681145,NVVVVY,1
965681145,FFGPAGLDGD,1
965681145,LLLLLLKK,1
965681145,AAAAAAAAAAAARR,1
965681145,VVVVVVK,1
965681145,FFPLGLAGDD,1
965681145,GNNQQNY,1
965681145,IKVAV,1
965681145,FGFDP,1
965681145,IIIIIIKK,1
965681145,KIKIQINM,1
965681145,VKVKVKVRVPPTRVKVKVKV,1
965681145,KKKAAAIIIGGGVVV,1
965681145,LIVAAD,1
965681145,LIVAGK,1
965681145,LIVAGT,1
965681145,LIVAD,1
965681145,LFF,1
965681145,AAKAAAKAAAKAAAKA,1
965681145,CKFKFQF,1
965681145,KIKQIINM,1
965681145,PPPPPPPPPPRKKRRQRRR,1
965681145,SVVIIE,1
965681145,STVIIA,1
965681145,STLIIE,0
965681145,STFIIE,1
965681145,STEIIE,0
965681145,SSVIIE,1
965681145,QTVIIE,1
965681145,ETVIIE,1
965681145,KIVKWD,0
965681145,FYLLYY,1
965681145,VEALYL,1
965681145,LVEALY,0
965681145,VKVEV,0
965681145,SYCGY,1
965681145,RWLDY,0
965681145,KWMDF,1
965681145,QIMRW,1
965681145,TGTHTSTDT,0
965681145,AGAHASADA,0
965681145,KIKIQI,0
965681145,VKVKVKVK,1
965681145,STYIIE,1
965681145,STVINE,0
965681145,STVIME,0
965681145,STVIGE,0
965681145,STVAIE,0
965681145,KTVIIT,1
965681145,WSFYLL,1
965681145,VTLSQP,1
965681145,RTPKIQ,0
965681145,NGERIE,0
965681145,IEKVEH,0
965681145,EVDLLK,1
965681145,DLLKNG,0
965681145,YQLENY,1
965681145,FYTPKT,0
965681145,FFYTPK,0
965681145,WKPYY,1
965681145,KDHFY,0
965681145,YDPKY,0
992391276,GFFLGLDD,1
992391276,NININI,1
992391276,ISDNL,0
992391276,FTISD,0
992391276,CKIKIQINMWQ,1
992391276,AAAAAAK,1
992391276,CSISIQINM,1
992391276,GGGGGGGGDD,1
992391276,FAGFT,1
992391276,WRWRWR,1
992391276,FFGALGLDGD,1
992391276,GAVILRR,1
992391276,LLLLLLKK,1
992391276,AEAEAKAKAEAEAKAK,1
992391276,NVQVVY,1
992391276,INHVGGTGGAIMAPVAVTRQLVGS,1
992391276,VVVVVVD,1
992391276,PRFRFRFRF,1
992391276,NNVVNY,1
992391276,KYF,0
992391276,FFGPLGLKGK,1
992391276,VKVKVKVRVPPTRVKVKVKV,1
992391276,GGGAAAVVVIIIKKK,1
992391276,LAVAGD,1
992391276,ILVAGS,1
992391276,LIVAGT,1
992391276,AIVAGT,1
992391276,MEMEMKMKMEMEMKMK,1
992391276,GYGYGYG,1
992391276,NYNNYN,1
992391276,AAKAAAKAAAKAAAKA,1
992391276,CKFKFQF,1
992391276,CKIKQIINMWQ,1
992391276,MKIKIQI,1
992391276,PPPPPPPPPPRRR,1
992391276,RADFRADARADARADA,1
992391276,RATARAEFRATARAEA,1
992391276,YTVIIE,1
992391276,STVIIV,1
992391276,STVIII,1
992391276,STVIIF,1
992391276,STFIIE,1
992391276,STEIIE,0
992391276,SDVIIE,1
992391276,ITVIIE,1
992391276,ETVIIE,1
992391276,LLYYTE,1
992391276,KIVKWD,0
992391276,LVEALY,0
992391276,FKFEF,1
992391276,RITTR,0
992391276,VKVKVKVK,1
992391276,STVVIE,1
992391276,STVQIE,1
992391276,STVIVE,1
992391276,STVINE,0
992391276,STVIIP,1
992391276,STVGIE,0
992391276,STPIIE,0
992391276,STIIIE,1
992391276,SPVIIE,1
992391276,PTVIIE,1
992391276,KTVIIE,0
992391276,WSFYLL,1
992391276,VYSRHP,0
992391276,QPKIVK,0
992391276,PSDIEV,1
992391276,LSFSKD,0
992391276,KVEHSD,0
992391276,FHPSDI,0
992391276,EVDLLK,1
992391276,LIAGFN,1
992391276,KDHFY,0
992391276,KDPYY,0
992391276,QEIARLEQEIARLEYEIARLE,1
992391276,NNQQNY,1
992391276,AILSS,1
992391276,EFFAAE,1
992391276,GGGGGGGGGGDD,1
992391276,CEIEIQINMWQ,1
992391276,YYACAYY,1
992391276,CKFKFQFNMWQ,1
992391276,VQIVYK,1
992391276,YVVFV,1
992391276,FFGAAGLDGD,1
992391276,AAVVLLLWEEEEEEE,1
992391276,FFGAAGLKGK,1
992391276,NVVVVY,1
992391276,KLVFFAE,1
992391276,FFGPLGLDGD,1
992391276,YVNAKQYYRILKRRY,1
992391276,WVNAKQYWRILKRRW,1
992391276,KAKAQAN,1
992391276,KFKFQFNMWQ,1
992391276,VKVRVRVRVPPTRVRVRVKV,1
992391276,VKVKVRVRVPPTRVRVKVKV,1
992391276,KKKIIIVVVAAAGGG,1
992391276,KKKAAAIIIGGGVVV,1
992391276,LIVAGD,1
992391276,SYSYSYS,1
992391276,QYQQYQ,1
992391276,LFF,1
992391276,CKIKQII,1
992391276,PPPPPPPPPPRKKRRQRRR,1
992391276,MKFKFQF,1
992391276,RATARAEARATARAEA,1
992391276,NFGSVQ,1
992391276,YFCFY,1
992391276,WTVIIE,1
992391276,TTVIIE,1
992391276,STVYIE,0
992391276,STVTIE,0
992391276,STVIYE,0
992391276,STVIIT,1
992391276,STVIIS,1
992391276,STVIIQ,1
992391276,STVIIM,1
992391276,STVIIE,1
992391276,STNIIE,1
992391276,SFVIIE,1
992391276,VKVFF,1
992391276,KWEFY,1
992391276,FKIDF,1
992391276,KWMDF,1
992391276,QIMRW,1
992391276,RITWI,1
992391276,TGTHTSTDT,0
992391276,AGAHASADA,0
992391276,KIKQII,0
992391276,STVIEE,1
992391276,STVDIE,0
992391276,STTIIE,1
992391276,STAIIE,0
992391276,KTVLIE,0
992391276,VTLSQP,1
992391276,SDLSFS,0
992391276,NGKSNF,0
992391276,IQVYSR,0
992391276,IEKVEH,0
992391276,DLLKNG,0
992391276,DIEVDL,1
992391276,YQLENY,1
992391276,SLYQLE,1
992391276,HLVEAL,1
992391276,FVNQHL,1
992391276,RVSVD,0
992391276,PTPCY,1
992391276,YEPYK,0
992391276,YVIFL,1
992391276,CEIEIQINM,1
992391276,KFFAAK,1
992391276,GGVVIA,1
992391276,NFGAIL,0
992391276,CKAKAQANM,1
992391276,LDFPI,1
992391276,FFVLK,1
992391276,CSISIQI,1
992391276,GFFLG,1
992391276,FFALGLAGKK,1
992391276,AAAAAAD,1
992391276,GFFL,1
992391276,FFGPAGLDGD,1
992391276,AAAAAAAAAAAARR,1
992391276,VVVVVVDD,1
992391276,GNNQQNY,1
992391276,FFPLGLAGKK,1
992391276,FFSGHFDFF,1
992391276,GFIL,1
992391276,RADARADARADARADA,1
992391276,LIVGD,1
992391276,KAKAQA,0
992391276,KAKAQANMWQ,1
992391276,KIKIQINMWQ,1
992391276,VRVRVRVRVPPTRVRVRVRV,1
992391276,KKKGGGAAAVVVIII,1
992391276,VVVGGGIIIAAAKKK,1
992391276,IIIVVVAAAGGGKKK,1
992391276,LIVAGS,1
992391276,CKIKQIINM,1
992391276,KASAKAEAKAEAKASA,1
992391276,QMAVHV,0
992391276,STVWIE,0
992391276,STVLIE,0
992391276,STVIIW,1
992391276,STVIIL,1
992391276,STVIID,1
992391276,STVFIE,1
992391276,STVEIE,0
992391276,STSIIE,0
992391276,STQIIE,0
992391276,SNVIIE,1
992391276,QTVIIE,1
992391276,MTVIIE,1
992391276,FTVIIE,1
992391276,ATVIIE,1
992391276,AAVVLLLW,1
992391276,KFAFD,1
992391276,SYCGY,1
992391276,PLVKA,1
992391276,STYIIE,1
992391276,STVITE,0
992391276,STVISE,0
992391276,STVIME,0
992391276,STVAIE,0
992391276,KTVIYE,0
992391276,YVSGFH,0
992391276,RVNHVT,0
992391276,RTPKIQ,0
992391276,PTEKDE,0
992391276,PKIQVY,1
992391276,NGERIE,0
992391276,KSNFLN,0
992391276,FTPTEK,0
992391276,EKDEYA,0
992391276,EHSDLS,0
992391276,AENGKS,0
992391276,SHLVEA,0
992391276,GERGFF,0
992391276,NLGPVL,1
992391276,DPDPD,0
992391276,EPYYK,0
992391276,YDPKY,0
992391276,FFKLVFF,1
992391276,VVEE,1
992391276,KLVFF,1
992391276,SFSFSF,1
992391276,YFTEF,1
992391276,FKFEFKFEFKFE,1
992391276,VEVE,1
992391276,YVVFL,1
992391276,VVVVVVK,1
992391276,SSTSAA,1
992391276,FFVDF,1
992391276,VVVVVVKK,1
992391276,FFPLGLAGDD,1
992391276,FGAIL,1
992391276,RFRFRFRF,1
992391276,FGFDP,1
992391276,GAIL,1
992391276,KFKFQFN,1
992391276,ILVAGD,1
992391276,AIVAGD,1
992391276,LIVAGK,1
992391276,IVD,1
992391276,IID,1
992391276,QYQYQYQ,1
992391276,CKAKAQA,1
992391276,CKFKFQFNM,1
992391276,CKIKIQIN,1
992391276,RADARADFRADARADA,1
992391276,SAEAKAEAKAEASAEA,1
992391276,SYVIIE,1
992391276,SVVIIE,1
992391276,STVIIN,1
992391276,STVIIA,1
992391276,STVIFE,1
992391276,STLIIE,0
992391276,SQVIIE,1
992391276,SLVIIE,1
992391276,SIVIIE,1
992391276,SEVIIE,1
992391276,SAVIIE,1
992391276,NTVIIE,1
992391276,LTVIIE,1
992391276,GTVIIE,1
992391276,FYLLYY,1
992391276,LYQLEN,0
992391276,KKSLSLSLSLSLSLKK,1
992391276,VVVVV,1
992391276,KFFFE,1
992391276,FFEKF,1
992391276,KFFDY,1
992391276,KAAGG,0
992391276,PFTTR,0
992391276,TTSGHTDTT,0
992391276,AASGHADAA,0
992391276,KIKIQI,0
992391276,VKVKVKVKVDPPTKVEVKVKV,1
992391276,STVIWE,1
992391276,STVIQE,0
992391276,STGIIE,0
992391276,STDIIE,1
992391276,KTVIIT,1
992391276,LKNGER,0
992391276,IQRTPK,0
992391276,HPAENG,0
992391276,FSKDWS,0
992391276,ERIEKV,0
992391276,FYTPKT,0
992391276,FFYTPK,0
992391276,ERGFFY,1
992391276,EALYLV,1
992391276,KKFDD,0
992391276,PPPHY,1
992391276,YTEYK,0
992391276,AEAEAEAEAKAKAKAK,1
992391276,GGGGDD,1
992391276,CEIEIQI,1
992391276,FKFEFKFE,1
992391276,QQEFQWQFRQQ,0
992391276,WRWRWRWR,1
992391276,CKAKAQANMWQ,1
992391276,AAVVLLLWEE,1
992391276,RARADADARARADADA,1
992391276,ITSVV,1
992391276,WRWRWRWRWR,1
992391276,FFGALGLKGK,1
992391276,NVVQIY,1
992391276,DFY,1
992391276,FGFHFSFDF,1
992391276,IKVAV,1
992391276,GGGGGGDD,1
992391276,IIIK,1
992391276,LLLLLLDD,1
992391276,IIIIIIKK,1
992391276,KFG,0
992391276,KFKFQF,1
992391276,KIKIQINM,1
992391276,KLDLKLDLKLDL,1
992391276,FFGPAGLKGK,1
992391276,LIVAAD,1
992391276,LIVAGE,1
992391276,AIVAGS,1
992391276,LIVAD,1
992391276,IVAD,1
992391276,NYNYNYN,1
992391276,SYSSYS,1
992391276,CKIKIQI,1
992391276,KIKQIINM,1
992391276,KIKQIINMWQ,1
992391276,YTIAALLSPYS,1
992391276,VTVIIE,1
992391276,STVNIE,0
992391276,STVIIY,1
992391276,SSVIIE,1
992391276,SMVIIE,1
992391276,SGVIIE,1
992391276,DTVIIE,1
992391276,NHVTLS,0
992391276,KDWSFY,0
992391276,VEALYL,1
992391276,FLVHSS,0
992391276,VKVEV,0
992391276,RWLDY,0
992391276,SWVIIE,1
992391276,STVSIE,0
992391276,STVPIE,0
992391276,STVMIE,0
992391276,STVIPE,0
992391276,STVILE,1
992391276,STVIGE,0
992391276,STVIDE,0
992391276,STVIAE,0
992391276,STMIIE,0
992391276,KTVIVE,0
992391276,YYTEFT,0
992391276,VKWDRD,0
992391276,TEFTPT,0
992391276,SRHPAE,0
992391276,SGFHPS,0
992391276,LSQPKI,0
992391276,KWDRDM,0
992391276,RGFFYT,0
992391276,GSHLVE,0
992391276,GFFYTP,1
992391276,VKVKV,1
992391276,KVKVK,0
992391276,WKPYY,1
