Seed,Test,Sequence,Label,Pred Bi-LSTM,Pred LSTM,Pred MLP,Pred RNN,Pred Transformer,Pred Random Forest
305475974,1,VVVVV,1.0,1,1,1,1,1,1
305475974,1,FKFEF,1.0,1,1,1,1,1,1
305475974,1,VKVEV,1.0,0,0,1,1,0,0
305475974,1,KFFFE,1.0,1,1,1,1,1,1
305475974,1,KWMDF,1.0,0,0,0,0,0,1
305475974,1,WKPYY,0.0,0,0,1,0,0,1
305475974,1,PPPHY,0.0,0,0,0,0,0,1
305475974,2,KVKVK,0.0,0,0,0,0,0,0
305475974,2,PTPCY,0.0,0,0,0,0,0,1
305475974,3,SYCGY,1.0,1,1,1,1,1,1
305475974,3,FFEKF,1.0,1,1,1,1,1,1
305475974,3,KKFDD,0.0,1,0,1,0,0,0
305475974,3,DPDPD,0.0,0,0,0,0,0,0
305475974,4,VKVFF,1.0,1,1,1,1,1,1
305475974,4,KFAFD,1.0,1,1,1,1,1,1
305475974,4,RWLDY,1.0,0,0,0,0,0,0
305475974,4,KWEFY,1.0,1,1,1,1,0,1
305475974,4,FKIDF,1.0,1,1,1,1,1,1
305475974,4,VKVKV,0.0,1,1,1,1,1,1
305475974,5,RVSVD,0.0,0,0,0,0,0,0
369953070,1,KFFFE,1.0,1,1,1,1,1,1
369953070,1,SYCGY,1.0,1,1,1,1,0,1
369953070,1,RWLDY,1.0,0,0,0,0,0,0
369953070,1,DPDPD,0.0,0,0,0,0,0,0
369953070,2,FKFEF,1.0,1,1,1,1,1,1
369953070,2,VKVEV,1.0,0,0,0,0,0,0
369953070,2,KFAFD,1.0,1,1,1,1,1,1
369953070,3,VVVVV,1.0,1,1,1,1,1,1
369953070,3,KWEFY,1.0,1,1,1,1,1,1
369953070,3,FKIDF,1.0,1,1,1,1,1,1
369953070,3,RVSVD,0.0,0,0,0,1,0,0
369953070,3,VKVKV,0.0,1,1,1,1,1,1
369953070,3,WKPYY,0.0,0,0,0,1,0,0
369953070,3,PTPCY,0.0,0,0,0,0,0,1
369953070,4,VKVFF,1.0,1,1,1,1,1,1
369953070,4,FFEKF,1.0,1,1,1,1,1,1
369953070,4,KWMDF,1.0,0,1,1,0,0,1
369953070,4,KKFDD,0.0,0,1,1,1,0,0
369953070,4,KVKVK,0.0,0,0,0,0,0,0
369953070,5,PPPHY,0.0,0,0,0,0,0,1
879273778,1,VVVVV,1.0,1,1,1,1,1,1
879273778,1,SYCGY,1.0,0,1,1,1,1,1
879273778,1,RVSVD,0.0,0,0,1,0,0,0
879273778,1,KVKVK,0.0,0,0,0,0,0,0
879273778,1,PTPCY,0.0,0,0,0,0,0,1
879273778,2,VKVFF,1.0,1,1,1,1,1,1
879273778,2,KFFFE,1.0,1,1,1,1,1,1
879273778,3,VKVEV,1.0,1,1,1,1,0,1
879273778,3,FFEKF,1.0,1,1,1,1,1,1
879273778,3,FKIDF,1.0,1,1,1,1,1,1
879273778,3,KWMDF,1.0,0,0,0,0,0,1
879273778,3,KKFDD,0.0,1,1,0,1,1,0
879273778,3,VKVKV,0.0,0,0,1,0,0,1
879273778,3,DPDPD,0.0,0,0,0,0,0,0
879273778,3,PPPHY,0.0,0,0,0,0,0,1
879273778,4,RWLDY,1.0,1,1,0,1,0,0
879273778,4,KWEFY,1.0,1,1,1,1,1,1
879273778,4,WKPYY,0.0,0,0,0,0,0,1
879273778,5,FKFEF,1.0,1,1,1,1,1,1
879273778,5,KFAFD,1.0,1,1,1,1,1,1
965681145,1,VVVVV,1.0,1,1,1,1,1,1
965681145,1,FKIDF,1.0,1,1,1,1,1,1
965681145,1,DPDPD,0.0,0,0,0,0,0,0
965681145,2,FKFEF,1.0,1,1,1,1,1,1
965681145,2,KFFFE,1.0,1,1,1,1,1,1
965681145,2,KWEFY,1.0,1,1,1,1,1,1
965681145,2,KKFDD,0.0,0,1,1,0,1,0
965681145,2,PTPCY,0.0,0,0,0,0,0,1
965681145,3,VKVFF,1.0,1,1,1,1,1,1
965681145,3,FFEKF,1.0,1,1,1,1,1,1
965681145,3,RVSVD,0.0,0,0,1,1,0,0
965681145,3,PPPHY,0.0,0,0,0,0,0,1
965681145,4,KFAFD,1.0,1,1,0,1,1,1
965681145,4,VKVKV,0.0,1,1,1,1,1,1
965681145,4,KVKVK,0.0,0,0,0,0,0,0
965681145,5,VKVEV,1.0,0,0,1,1,0,1
965681145,5,SYCGY,1.0,1,1,1,1,1,1
965681145,5,RWLDY,1.0,0,0,0,0,0,1
965681145,5,KWMDF,1.0,0,0,0,0,0,1
965681145,5,WKPYY,0.0,0,0,1,1,0,1
992391276,1,FKFEF,1.0,1,1,1,1,1,1
992391276,2,VKVFF,1.0,1,1,1,1,1,1
992391276,2,KWEFY,1.0,0,1,0,1,0,1
992391276,2,FKIDF,1.0,1,1,1,1,1,1
992391276,2,KWMDF,1.0,0,0,0,0,0,1
992391276,2,RVSVD,0.0,1,0,1,1,1,0
992391276,2,PTPCY,0.0,0,0,0,0,0,1
992391276,3,KFAFD,1.0,1,1,1,1,1,1
992391276,3,SYCGY,1.0,1,1,1,1,1,1
992391276,3,DPDPD,0.0,0,0,0,0,0,0
992391276,4,VVVVV,1.0,1,1,1,1,1,1
992391276,4,KFFFE,1.0,1,1,1,1,1,1
992391276,4,FFEKF,1.0,1,1,1,1,1,1
992391276,4,KKFDD,0.0,0,0,1,0,0,0
992391276,4,PPPHY,0.0,0,0,0,0,0,0
992391276,5,VKVEV,1.0,1,1,1,1,0,1
992391276,5,RWLDY,1.0,1,1,1,0,1,0
992391276,5,VKVKV,0.0,1,0,1,0,0,1
992391276,5,KVKVK,0.0,0,0,0,0,0,0
992391276,5,WKPYY,0.0,0,0,1,1,0,1
